Code,Name,Email,PhoneNumber,Address
HE161001,Nguyen Minh A,,,
HE161002,Nguyen Minh B,,,
HE161003,Nguyen Minh C,,,
HE161004,Nguyen Minh D,,,
HE161005,Nguyen Minh E,,,
HE161006,Pham Minh A,,,
HE161007,Pham Minh B,,,
HE161008,Nguyen Minh C1,,,
HE161009,Nguyen Minh C2,,,
HE161010,Nguyen Minh C3,,,
HE161011,Nguyen Minh C4,,,
HE161012,Nguyen Minh C5,,,
HE161013,Nguyen Minh C6,,,
HE161014,Nguyen Minh C7,,,
HE161015,Nguyen Minh C8,,,
HE161016,Nguyen Minh C9,,,
HE161017,Nguyen Minh C10,,,
HE161018,Nguyen Minh C11,,,
HE161019,Nguyen Minh C12,,,
HE161020,Nguyen Minh C13,,,
HE161021,Nguyen Minh C14,,,
HE161022,Nguyen Minh C15,,,
HE161023,Nguyen Minh C16,,,
HE161024,Nguyen Minh C17,,,
HE161025,Nguyen Minh C18,,,
HE161026,Nguyen Minh C19,,,
HE161027,Nguyen Minh C20,,,
HE161028,Nguyen Minh C21,,,
HE161029,Nguyen Minh C22,,,
